{
    "total_layers": 420,
    "leaf_layers": 299,
    "max_depth": 9,
    "total_params": 394196026,
    "trainable_params": 91016250,
    "frozen_params": 303179776,
    "flops": 5228252160,
    "model_size_mb": 1503.7385025024414,
    "buffer_size_mb": 0.00977325439453125,
    "total_memory_mb": 1503.748275756836,
    "dropout_count": 19,
    "has_attention": 0,
    "has_residual_connections": 0,
    "is_resnet_like": 0,
    "is_vgg_like": 0,
    "is_inception_like": 0,
    "is_densenet_like": 0,
    "is_unet_like": 1,
    "is_transformer_like": 1,
    "is_mobilenet_like": 0,
    "is_efficientnet_like": 0,
    "code_length": 9590,
    "num_classes_defined": 1,
    "num_functions_defined": 9,
    "uses_sequential": 0,
    "uses_modulelist": 0,
    "uses_moduledict": 0,
    "meta": {
        "conv_info": {
            "count": 1,
            "kernel_sizes": [
                14
            ],
            "strides": [
                14
            ],
            "padding_values": [
                0
            ],
            "avg_kernel_size": 14.0,
            "avg_stride": 14.0,
            "total_conv_params": 602112
        },
        "linear_info": {
            "count": 182,
            "input_dims": [
                1024,
                1024,
                1024,
                1024,
                1024,
                4096,
                1024,
                1024,
                1024,
                1024,
                1024,
                4096,
                1024,
                1024,
                1024,
                1024,
                1024,
                4096,
                1024,
                1024,
                1024,
                1024,
                1024,
                4096,
                1024,
                1024,
                1024,
                1024,
                1024,
                4096,
                1024,
                1024,
                1024,
                1024,
                1024,
                4096,
                1024,
                1024,
                1024,
                1024,
                1024,
                4096,
                1024,
                1024,
                1024,
                1024,
                1024,
                4096,
                1024,
                1024,
                1024,
                1024,
                1024,
                4096,
                1024,
                1024,
                1024,
                1024,
                1024,
                4096,
                1024,
                1024,
                1024,
                1024,
                1024,
                4096,
                1024,
                1024,
                1024,
                1024,
                1024,
                4096,
                1024,
                1024,
                1024,
                1024,
                1024,
                4096,
                1024,
                1024,
                1024,
                1024,
                1024,
                4096,
                1024,
                1024,
                1024,
                1024,
                1024,
                4096,
                1024,
                1024,
                1024,
                1024,
                1024,
                4096,
                1024,
                1024,
                1024,
                1024,
                1024,
                4096,
                1024,
                1024,
                1024,
                1024,
                1024,
                4096,
                1024,
                1024,
                1024,
                1024,
                1024,
                4096,
                1024,
                1024,
                1024,
                1024,
                1024,
                4096,
                1024,
                1024,
                1024,
                1024,
                1024,
                4096,
                1024,
                1024,
                1024,
                1024,
                1024,
                4096,
                1024,
                1024,
                1024,
                1024,
                1024,
                4096,
                1024,
                1024,
                1024,
                1024,
                1024,
                4096,
                768,
                768,
                768,
                768,
                768,
                3072,
                768,
                768,
                768,
                768,
                768,
                3072,
                768,
                768,
                768,
                768,
                768,
                3072,
                768,
                768,
                768,
                768,
                768,
                3072,
                768,
                768,
                768,
                768,
                768,
                3072,
                768,
                768,
                768,
                768,
                768,
                3072,
                1024,
                768
            ],